Area,Bedrooms,Bathrooms,Age,Location,Price
901.0,5.0,5,39,Suburban,79.39
3982.0,5.0,1,34,Urban,232.48
3445.0,4.0,2,47,Rural,76.95
2474.0,6.0,3,48,Suburban,109.85
2448.0,1.0,4,35,Downtown,210.57
4363.0,6.0,1,18,Rural,138.46
886.0,6.0,3,30,Urban,90.29
3638.0,4.0,1,21,Downtown,335.38
1406.0,5.0,4,32,Urban,138.08
923.0,4.0,4,41,Suburban,62.56
2869.0,2.0,3,18,Downtown,221.34
4890.0,5.0,2,25,Urban,307.33
3810.0,2.0,1,2,Downtown,298.12
3925.0,2.0,5,37,Urban,280.77
3728.0,4.0,4,24,Urban,258.94
4037.0,6.0,2,23,Suburban,219.32
2809.0,3.0,3,27,Urban,204.11
1076.0,3.0,4,10,Downtown,108.9
4278.0,1.0,4,30,Suburban,203.56
2526.0,1.0,3,38,Urban,141.33
2751.0,1.0,2,17,Suburban,91.77
2168.0,1.0,4,6,Downtown,143.39
1321.0,6.0,4,19,Downtown,148.26
4670.0,6.0,3,10,Urban,336.07
4017.0,5.0,1,19,Urban,263.6
3397.0,1.0,3,31,Urban,201.4
2310.0,1.0,4,5,Suburban,138.18
4202.0,2.0,5,38,Urban,224.45
2954.0,4.0,3,11,Suburban,154.48
2495.0,3.0,2,45,Suburban,117.25
2527.0,3.0,3,37,Downtown,187.77
1522.0,2.0,1,13,Suburban,75.06
914.0,5.0,1,28,Urban,69.34
2995.0,2.0,4,5,Urban,228.79
4495.0,1.0,5,5,Downtown,327.68
787.0,5.0,5,48,Suburban,76.73
4362.0,6.0,3,40,Rural,143.27
4224.0,1.0,1,7,Downtown,339.09
1745.0,3.0,5,14,Suburban,103.69
3342.0,5.0,3,10,Suburban,177.02
1243.0,5.0,2,20,Urban,103.21
3911.0,6.0,5,14,Suburban,215.76
3652.0,3.0,4,16,Suburban,185.75
2095.0,3.0,4,26,Rural,68.21
805.0,5.0,2,9,Rural,44.62
4868.0,1.0,5,45,Downtown,332.18
2505.0,2.0,3,37,Urban,188.09
4519.0,4.0,3,38,Suburban,209.03
3550.0,5.0,4,8,Downtown,366.79
4002.0,1.0,4,36,Urban,229.45
3919.0,4.0,1,42,Rural,121.11
1375.0,3.0,2,8,Downtown,115.82
2137.0,4.0,2,38,Urban,136.64
2600.0,6.0,5,18,Suburban,160.02
2740.0,1.0,4,40,Urban,187.04
697.0,6.0,2,24,Urban,87.0
2959.0,3.0,4,40,Rural,107.98
1194.0,5.0,4,7,Urban,130.57
3845.0,3.0,2,19,Downtown,348.53
3573.0,2.0,3,13,Downtown,278.65
4651.0,5.0,5,12,Rural,197.44
3851.0,5.0,3,15,Urban,250.1
2149.0,1.0,1,19,Suburban,85.89
4853.0,5.0,4,6,Downtown,360.48
2348.0,5.0,3,36,Urban,207.91
1966.0,3.0,3,28,Rural,73.06
4574.0,6.0,4,42,Suburban,219.79
2167.0,4.0,5,35,Rural,90.3
843.0,3.0,2,7,Urban,82.77
2613.0,1.0,3,3,Suburban,150.13
4080.0,5.0,1,21,Rural,111.23
1352.0,2.0,4,24,Urban,96.75
2583.0,5.0,3,12,Urban,184.35
1084.0,4.0,2,39,Rural,33.54
3589.0,3.0,4,29,Urban,254.68
2640.0,1.0,3,38,Suburban,110.92
1985.0,5.0,3,5,Rural,87.61
1521.0,1.0,3,41,Urban,108.64
3040.0,3.0,2,10,Urban,192.01
3514.0,6.0,1,22,Downtown,286.2
4731.0,6.0,5,22,Urban,330.25
2467.0,6.0,1,41,Urban,188.18
1223.0,,2,14,Suburban,84.45
4247.0,4.0,4,12,Urban,265.4
3333.0,2.0,1,17,Suburban,165.27
3651.0,6.0,4,18,Urban,272.97
937.0,5.0,4,9,Urban,85.4
1905.0,6.0,4,8,Urban,149.2
3955.0,4.0,2,11,Suburban,222.38
4245.0,1.0,1,23,Urban,249.11
2458.0,4.0,5,17,Urban,171.35
4121.0,3.0,2,19,Rural,125.45
4287.0,6.0,5,36,Suburban,221.39
2243.0,3.0,1,12,Urban,159.58
4541.0,2.0,1,46,Rural,109.32
1797.0,1.0,4,38,Urban,100.38
1578.0,6.0,5,8,Downtown,201.0
3571.0,5.0,5,16,Urban,253.74
3365.0,1.0,4,9,Downtown,279.26
1128.0,3.0,2,13,Urban,79.4
4247.0,3.0,5,18,Suburban,215.32
1399.0,3.0,4,6,Downtown,164.52
4122.0,6.0,1,0,Suburban,223.08
533.0,1.0,1,22,Rural,16.27
4085.0,2.0,5,35,Suburban,187.16
4041.0,2.0,2,15,Suburban,168.2
4011.0,2.0,4,43,Suburban,178.09
3491.0,6.0,1,18,Rural,134.92
2622.0,6.0,2,45,Urban,180.66
3673.0,1.0,2,12,Urban,198.17
1747.0,4.0,2,27,Suburban,90.18
4013.0,2.0,4,38,Suburban,184.91
3000.0,2.0,5,3,Urban,198.84
2565.0,2.0,5,47,Suburban,126.67
2775.0,2.0,4,18,Downtown,239.34
3059.0,3.0,2,25,Rural,105.03
667.0,6.0,5,32,Urban,107.37
1129.0,4.0,3,32,,129.56
1604.0,5.0,3,1,Downtown,162.89
1015.0,3.0,4,44,Urban,71.79
2478.0,1.0,4,31,Urban,149.94
3507.0,1.0,5,50,Downtown,243.96
3444.0,2.0,3,24,Urban,187.64
2619.0,2.0,4,31,Urban,159.61
,6.0,4,22,Urban,285.83
3043.0,6.0,2,45,Urban,192.54
856.0,6.0,2,42,Urban,82.68
3942.0,4.0,4,46,Urban,279.32
3085.0,4.0,1,25,Downtown,251.87
3356.0,4.0,2,40,Downtown,327.91
3044.0,3.0,4,18,Urban,208.52
2991.0,5.0,5,23,Suburban,160.55
907.0,5.0,3,38,Rural,43.49
3016.0,5.0,2,4,Rural,111.07
4077.0,4.0,3,36,Suburban,201.48
1867.0,1.0,4,0,Suburban,119.33
3212.0,5.0,3,29,Urban,201.73
638.0,3.0,1,24,Suburban,43.17
2063.0,5.0,3,23,Suburban,121.64
2465.0,4.0,3,25,Suburban,109.01
4922.0,6.0,4,25,Rural,178.16
1465.0,3.0,5,20,Urban,135.71
1744.0,6.0,5,23,Suburban,108.77
2338.0,6.0,4,28,Suburban,138.39
4966.0,2.0,2,38,Urban,236.2
4340.0,3.0,3,28,Rural,117.13
656.0,4.0,1,32,Downtown,80.34
1552.0,5.0,5,42,Rural,62.33
4197.0,5.0,5,50,Suburban,183.4
762.0,6.0,5,5,Downtown,143.56
4350.0,3.0,2,36,Suburban,184.76
1766.0,4.0,2,11,Downtown,161.06
4629.0,3.0,5,10,Suburban,243.59
1821.0,6.0,3,40,Suburban,96.23
2454.0,2.0,4,3,Suburban,116.76
3478.0,4.0,3,43,Rural,111.96
1068.0,1.0,3,39,Downtown,87.05
3006.0,6.0,4,50,Urban,237.73
2772.0,3.0,5,34,Urban,174.48
4027.0,3.0,2,44,Downtown,325.38
4982.0,4.0,5,6,Urban,306.07
3489.0,3.0,2,45,Urban,245.26
2341.0,6.0,3,8,Urban,168.15
2328.0,4.0,5,16,Urban,202.43
2380.0,4.0,5,6,Rural,87.08
4163.0,1.0,5,20,Urban,306.97
1945.0,1.0,2,38,Rural,57.34
1251.0,3.0,5,13,Urban,100.46
2004.0,6.0,5,41,Urban,155.95
602.0,6.0,5,30,Suburban,73.83
977.0,4.0,1,32,Urban,84.17
905.0,4.0,4,47,Urban,78.76
3971.0,3.0,5,22,Suburban,195.73
3750.0,2.0,4,17,Urban,255.02
3635.0,1.0,2,50,Urban,199.76
2578.0,3.0,4,28,Suburban,113.7
3726.0,2.0,1,31,Urban,197.13
1225.0,2.0,3,15,Suburban,70.47
,2.0,4,10,Urban,319.99
2754.0,1.0,3,8,Rural,100.35
4721.0,4.0,4,11,Suburban,250.86
1185.0,6.0,2,9,Rural,61.54
2737.0,5.0,4,38,Suburban,156.58
3633.0,3.0,4,2,,286.63
2730.0,3.0,4,32,Suburban,133.46
2507.0,2.0,2,48,Urban,131.17
1247.0,1.0,2,39,Suburban,45.1
2214.0,4.0,2,20,Suburban,120.89
1574.0,4.0,3,3,Urban,135.57
1856.0,1.0,3,42,Rural,56.74
3576.0,3.0,2,0,Downtown,308.28
3336.0,2.0,3,34,Suburban,154.33
3232.0,2.0,2,34,Suburban,150.65
2128.0,5.0,2,9,Downtown,204.68
4818.0,4.0,4,37,Suburban,236.83
894.0,4.0,5,8,Suburban,71.1
2041.0,5.0,2,11,Downtown,205.6
1031.0,6.0,5,41,Suburban,88.06
2025.0,5.0,3,49,Urban,134.62
4828.0,4.0,1,13,Suburban,226.87
2148.0,6.0,2,46,Downtown,182.61
4588.0,3.0,1,46,Rural,124.88
2727.0,6.0,1,39,Rural,82.89
3648.0,5.0,2,7,Urban,282.24
2558.0,4.0,3,15,Urban,201.89
1696.0,6.0,4,34,Suburban,115.27
3939.0,4.0,1,50,Suburban,209.56
4861.0,5.0,5,41,Urban,310.55
1685.0,2.0,2,21,Urban,143.19
4004.0,6.0,1,11,Downtown,331.95
,4.0,4,48,Rural,62.54
3726.0,5.0,4,14,Urban,250.75
4050.0,3.0,4,17,Rural,135.79
2522.0,6.0,1,49,Urban,184.76
3816.0,1.0,1,28,Rural,105.31
1725.0,1.0,2,13,Downtown,158.93
856.0,4.0,3,0,Downtown,120.74
933.0,5.0,5,21,Rural,54.52
2511.0,5.0,2,50,Rural,75.55
4561.0,3.0,1,22,Urban,285.11
1074.0,4.0,5,35,Urban,98.01
2550.0,4.0,1,12,Urban,163.27
3668.0,6.0,1,39,Urban,220.89
1410.0,4.0,3,39,Urban,135.13
3747.0,3.0,3,31,Rural,113.6
1876.0,6.0,4,39,Urban,131.17
4138.0,1.0,5,29,Suburban,174.27
3106.0,6.0,5,19,Downtown,294.49
2961.0,1.0,2,37,Downtown,218.39
1295.0,2.0,5,42,Suburban,73.11
2584.0,5.0,4,42,Urban,196.18
4354.0,5.0,1,10,Suburban,199.14
587.0,6.0,5,34,Downtown,114.46
3913.0,5.0,1,0,Rural,120.4
2717.0,4.0,3,29,Suburban,129.89
3737.0,3.0,4,29,Rural,108.33
3484.0,1.0,2,18,Downtown,224.77
2444.0,1.0,2,50,Urban,144.35
1889.0,2.0,3,45,Urban,122.47
3322.0,1.0,5,1,Suburban,179.1
1131.0,,2,10,Urban,100.53
3128.0,5.0,4,10,Downtown,309.25
926.0,6.0,3,45,Urban,76.34
3424.0,3.0,1,26,Urban,226.02
3329.0,6.0,4,37,Urban,240.04
879.0,6.0,5,41,Urban,107.91
3908.0,6.0,3,39,Urban,272.5
2371.0,3.0,1,4,Suburban,107.92
4040.0,2.0,1,7,Urban,207.18
,6.0,3,20,Urban,84.77
1307.0,2.0,3,17,Suburban,75.62
2722.0,3.0,3,38,Suburban,138.38
1347.0,1.0,2,7,Urban,77.41
1984.0,5.0,3,18,Suburban,106.11
3472.0,4.0,2,12,Rural,106.81
1150.0,1.0,4,9,Suburban,63.12
3549.0,2.0,4,8,Rural,99.38
965.0,,4,9,Suburban,64.93
1288.0,4.0,1,28,Downtown,109.55
3144.0,5.0,5,20,Urban,232.45
4070.0,2.0,1,22,Suburban,157.53
1267.0,6.0,5,24,Rural,64.95
1849.0,3.0,1,37,Urban,126.71
4663.0,5.0,3,43,Downtown,320.63
4953.0,,1,26,Suburban,209.84
3114.0,1.0,1,32,Downtown,236.79
2511.0,1.0,4,37,Suburban,107.83
2060.0,3.0,4,35,Suburban,100.22
3256.0,6.0,1,6,Suburban,194.46
3159.0,1.0,5,50,Rural,89.62
1826.0,3.0,2,8,Suburban,109.95
602.0,1.0,2,21,Suburban,32.25
1181.0,6.0,2,33,Suburban,78.15
4813.0,5.0,3,20,Suburban,247.05
2381.0,5.0,1,12,Rural,88.95
2670.0,5.0,3,47,Downtown,249.84
2601.0,4.0,2,3,Suburban,131.72
4022.0,5.0,1,12,Urban,265.36
792.0,1.0,2,50,Rural,18.86
872.0,6.0,4,37,Suburban,78.89
1741.0,5.0,4,4,Urban,138.91
2689.0,5.0,2,38,Urban,200.45
3520.0,3.0,2,49,Urban,216.86
2708.0,5.0,4,4,Suburban,136.06
2485.0,3.0,4,21,Urban,193.1
4720.0,1.0,5,23,Downtown,436.27
1224.0,6.0,5,6,Rural,75.73
3072.0,2.0,5,10,Suburban,177.6
2940.0,1.0,5,8,Urban,194.45
2630.0,4.0,3,9,Urban,157.9
4134.0,2.0,2,20,,100.93
1701.0,6.0,2,23,Suburban,109.08
4791.0,3.0,2,12,Suburban,208.95
1992.0,1.0,4,14,Urban,119.96
2952.0,6.0,4,9,Urban,226.76
2843.0,4.0,5,40,Downtown,260.09
4324.0,2.0,1,10,Suburban,165.48
2475.0,5.0,3,46,Downtown,204.06
1780.0,4.0,2,27,Downtown,184.62
597.0,1.0,5,40,Suburban,30.95
2136.0,5.0,2,32,Rural,83.62
4218.0,3.0,1,13,Suburban,184.67
544.0,5.0,3,30,Urban,74.31
4532.0,6.0,5,13,Urban,354.62
2942.0,4.0,5,6,Urban,234.02
1131.0,5.0,1,12,Urban,111.68
1859.0,2.0,2,14,Suburban,81.62
2993.0,2.0,1,6,Urban,206.19
1920.0,3.0,2,1,,96.49
988.0,6.0,3,48,Rural,48.57
3496.0,4.0,2,26,Rural,115.35
3525.0,3.0,1,20,Downtown,283.88
1034.0,5.0,3,47,,92.77
1765.0,6.0,1,11,Urban,134.01
1597.0,6.0,2,20,Urban,118.88
3467.0,2.0,1,43,Urban,211.26
3786.0,5.0,1,32,Urban,245.94
3771.0,4.0,3,20,Suburban,207.36
4724.0,3.0,5,13,Urban,304.93
3958.0,3.0,4,1,Rural,113.61
1943.0,1.0,1,4,Downtown,164.06
984.0,2.0,1,8,Downtown,86.74
3265.0,4.0,2,40,Urban,212.26
4622.0,6.0,4,32,Downtown,363.2
4888.0,6.0,4,22,Urban,384.69
1535.0,2.0,5,39,Rural,48.92
1564.0,5.0,2,8,Urban,128.84
668.0,1.0,1,10,Urban,45.9
1135.0,5.0,1,20,Suburban,65.98
2996.0,3.0,1,46,Urban,180.26
2960.0,3.0,1,31,Suburban,156.48
2169.0,5.0,5,43,Urban,156.74
1894.0,3.0,2,12,Suburban,104.4
4234.0,5.0,5,43,Downtown,254.19
2570.0,,3,3,Urban,188.14
4137.0,6.0,3,11,Suburban,209.81
4834.0,4.0,3,26,Rural,139.85
1927.0,2.0,5,2,Urban,162.84
1412.0,5.0,1,43,Suburban,74.9
4788.0,3.0,1,44,Downtown,338.64
3356.0,,3,27,Urban,213.03
1809.0,1.0,2,15,Downtown,112.87
3298.0,1.0,3,5,Suburban,136.14
2817.0,4.0,4,31,Urban,212.72
4574.0,2.0,3,27,Suburban,161.89
1651.0,6.0,2,38,Downtown,152.14
4961.0,6.0,2,30,Rural,154.09
4712.0,5.0,4,6,Suburban,282.02
1313.0,5.0,2,6,Downtown,161.86
1240.0,4.0,3,39,Downtown,114.64
2899.0,1.0,3,8,Downtown,255.63
702.0,3.0,4,47,Rural,27.76
,3.0,4,5,Urban,158.6
2457.0,6.0,3,37,Suburban,118.1
4862.0,2.0,2,49,Urban,303.8
4965.0,3.0,2,22,Suburban,216.64
1181.0,3.0,3,2,Urban,92.92
4512.0,1.0,2,44,Suburban,182.81
909.0,1.0,4,9,Rural,37.92
3868.0,3.0,2,26,Urban,225.97
4305.0,1.0,4,50,Suburban,193.36
4508.0,1.0,4,37,Downtown,308.28
1505.0,3.0,5,2,Urban,139.47
4520.0,2.0,1,41,Rural,132.74
1021.0,4.0,4,8,Suburban,77.92
2834.0,1.0,1,38,Suburban,109.87
2612.0,,2,31,Urban,159.37
1921.0,3.0,1,14,Urban,136.79
599.0,6.0,1,21,Urban,91.99
3974.0,4.0,1,6,Suburban,210.42
2010.0,6.0,1,50,Urban,155.16
3477.0,3.0,5,12,Urban,310.13
2345.0,3.0,1,15,Urban,160.81
2181.0,3.0,2,25,Urban,150.7
4488.0,6.0,4,34,Urban,323.48
925.0,6.0,5,25,Downtown,125.65
3814.0,6.0,5,25,Rural,130.72
3860.0,5.0,1,29,Suburban,175.9
2209.0,4.0,5,43,Downtown,211.71
1681.0,4.0,4,20,Suburban,100.03
523.0,6.0,1,42,Suburban,47.09
4715.0,2.0,3,40,Urban,305.17
4764.0,3.0,5,49,Urban,316.4
1584.0,6.0,2,46,Downtown,152.77
643.0,3.0,1,40,Downtown,53.19
1052.0,2.0,5,12,Suburban,77.8
,4.0,5,39,Rural,44.34
4240.0,2.0,5,37,Downtown,272.46
4513.0,6.0,5,14,Suburban,231.04
1189.0,6.0,5,34,Downtown,155.36
3860.0,2.0,3,12,Suburban,194.67
1306.0,4.0,1,26,Suburban,79.74
2152.0,6.0,4,40,Urban,173.3
3197.0,5.0,2,9,,296.8
3739.0,2.0,3,17,Suburban,174.83
4435.0,4.0,4,40,Rural,130.73
701.0,4.0,5,23,Urban,82.02
1383.0,4.0,2,48,Urban,96.19
1762.0,1.0,2,0,Downtown,144.84
1896.0,2.0,4,36,Suburban,75.52
4991.0,6.0,1,41,Suburban,225.14
3998.0,2.0,3,46,Suburban,175.13
1941.0,2.0,4,7,Suburban,102.44
4873.0,2.0,3,50,Rural,136.2
2746.0,2.0,2,20,Suburban,133.55
2753.0,1.0,5,17,Urban,158.8
2451.0,3.0,2,18,Suburban,101.85
1147.0,6.0,4,32,Urban,112.03
4704.0,1.0,3,33,Urban,290.61
562.0,2.0,1,24,Rural,23.81
1284.0,1.0,3,3,Suburban,75.1
1533.0,4.0,1,50,Rural,42.08
1756.0,2.0,5,11,Urban,129.96
1093.0,5.0,4,4,Suburban,91.15
580.0,4.0,2,30,Urban,60.74
3549.0,5.0,3,21,Downtown,320.22
4861.0,4.0,4,31,Urban,280.24
1048.0,3.0,2,44,Suburban,53.72
1834.0,6.0,2,4,Downtown,206.3
2778.0,3.0,3,14,Rural,101.35
4673.0,6.0,2,26,Downtown,352.61
3624.0,6.0,4,40,Urban,242.28
3947.0,4.0,1,30,,133.21
3115.0,5.0,5,19,Downtown,268.84
2376.0,2.0,2,31,Rural,68.12
1398.0,5.0,3,49,Suburban,73.53
4389.0,5.0,1,24,Downtown,354.61
4118.0,6.0,2,45,Suburban,198.84
,2.0,4,39,Suburban,29.46
3719.0,5.0,2,15,Suburban,192.05
879.0,3.0,1,12,Suburban,49.17
3825.0,2.0,3,39,Suburban,177.64
4216.0,2.0,1,10,Suburban,164.84
1089.0,4.0,2,17,Urban,94.71
2452.0,2.0,3,12,Suburban,118.02
1056.0,1.0,3,30,Rural,34.59
3052.0,3.0,4,15,Suburban,157.12
4674.0,4.0,4,33,Suburban,217.14
863.0,2.0,5,47,Urban,55.66
2289.0,6.0,1,42,Suburban,102.8
4879.0,5.0,2,48,Rural,141.14
1854.0,4.0,1,1,Urban,140.03
1094.0,6.0,1,23,Urban,96.76
2698.0,3.0,2,11,Suburban,142.97
2787.0,1.0,3,46,Urban,152.03
3482.0,1.0,5,36,Suburban,142.11
1911.0,6.0,4,16,Downtown,202.38
4800.0,6.0,4,28,Urban,329.85
2844.0,5.0,4,30,Suburban,158.02
1789.0,1.0,1,25,Suburban,89.96
4821.0,2.0,5,24,Suburban,208.87
4661.0,1.0,5,2,Suburban,217.43
2746.0,1.0,1,23,Suburban,121.62
611.0,2.0,3,17,Suburban,42.24
3186.0,4.0,5,41,Suburban,152.99
2998.0,1.0,3,44,Suburban,107.22
1166.0,6.0,5,38,Suburban,84.73
3352.0,3.0,5,1,Downtown,262.47
4283.0,2.0,3,42,Urban,206.91
976.0,4.0,1,20,Suburban,56.51
3754.0,5.0,2,21,Rural,111.8
1131.0,2.0,2,48,Suburban,52.31
3869.0,1.0,3,44,Downtown,288.81
2386.0,1.0,3,2,Suburban,105.78
529.0,6.0,3,18,Urban,81.21
4848.0,1.0,1,38,Suburban,162.46
1246.0,4.0,2,27,Suburban,70.16
3182.0,3.0,4,13,Suburban,167.8
1316.0,5.0,1,26,Suburban,86.07
4698.0,1.0,2,44,Urban,241.06
3822.0,6.0,5,11,Urban,310.28
4119.0,5.0,1,38,Rural,109.12
2444.0,3.0,3,37,Suburban,103.39
2603.0,2.0,2,45,Suburban,120.3
,6.0,1,15,Urban,272.43
4031.0,2.0,3,11,Downtown,329.04
4311.0,,3,27,Downtown,332.22
580.0,3.0,1,27,Urban,37.71
3486.0,2.0,1,20,Urban,164.67
991.0,3.0,1,39,Rural,33.21
1795.0,1.0,4,40,Suburban,78.48
4232.0,1.0,5,12,Urban,234.12
1627.0,2.0,1,40,Downtown,116.65
4085.0,1.0,2,11,Urban,243.86
2583.0,3.0,2,20,,138.43
1546.0,6.0,2,1,Urban,145.66
2004.0,1.0,2,17,Suburban,102.46
2888.0,1.0,1,48,Suburban,113.71
3943.0,1.0,3,22,Downtown,287.46
3227.0,4.0,2,36,Suburban,170.14
4699.0,2.0,2,5,Rural,129.16
4404.0,3.0,2,32,Urban,339.41
3890.0,1.0,5,18,Downtown,312.81
3213.0,2.0,4,37,Rural,102.44
1804.0,3.0,3,47,Rural,61.5
2356.0,3.0,2,27,Suburban,135.91
1035.0,4.0,5,5,Suburban,90.3
2183.0,5.0,5,24,Urban,146.68
4669.0,3.0,1,6,Suburban,245.79
2416.0,6.0,5,22,Urban,190.03
1011.0,4.0,4,3,Downtown,134.39
3433.0,2.0,1,32,Suburban,129.3
4831.0,2.0,4,15,Rural,157.12
4403.0,2.0,1,10,Suburban,184.1
1733.0,4.0,1,0,Urban,135.19
2542.0,2.0,1,45,Downtown,171.91
,6.0,3,42,Rural,121.65
1615.0,3.0,4,41,Rural,68.27
1709.0,6.0,3,2,Suburban,118.41
1564.0,5.0,1,17,Suburban,93.76
4975.0,3.0,1,49,Urban,273.28
3857.0,2.0,5,29,Urban,268.85
4283.0,5.0,5,6,Downtown,363.84
4174.0,2.0,4,7,Downtown,317.99
4816.0,2.0,1,13,Urban,312.07
973.0,6.0,5,49,Suburban,73.07
4467.0,3.0,4,8,Downtown,360.52
799.0,1.0,3,46,Urban,37.94
2639.0,,1,34,Suburban,128.66
3174.0,3.0,5,47,Urban,242.62
2110.0,6.0,3,42,Urban,171.97
1157.0,5.0,1,16,Suburban,87.61
1365.0,2.0,2,42,Urban,74.95
4210.0,1.0,3,8,Suburban,195.25
1934.0,4.0,1,14,Rural,62.67
1896.0,1.0,2,10,Urban,116.27
4655.0,2.0,3,6,Rural,155.23
1147.0,1.0,5,4,Rural,47.64
4618.0,1.0,1,9,Suburban,172.02
4644.0,6.0,3,6,Suburban,208.17
3193.0,1.0,5,19,Suburban,130.37
1244.0,1.0,5,3,Suburban,78.86
1201.0,6.0,5,3,Suburban,124.69
1781.0,2.0,1,50,Downtown,137.11
3098.0,5.0,5,4,Rural,95.45
1191.0,1.0,5,3,Suburban,83.31
2550.0,1.0,2,1,Suburban,131.17
1019.0,1.0,3,6,Urban,64.75
2931.0,5.0,3,26,Downtown,249.76
595.0,4.0,3,42,Suburban,49.56
3690.0,3.0,2,37,Suburban,176.04
749.0,2.0,5,29,Urban,59.12
1376.0,1.0,5,4,Urban,113.68
1285.0,4.0,2,39,Urban,74.57
4239.0,2.0,5,1,Suburban,203.05
,4.0,2,32,Urban,75.38
2431.0,5.0,4,20,Rural,93.04
3160.0,6.0,3,44,Urban,207.35
2821.0,3.0,3,15,Urban,206.0
3563.0,1.0,1,32,Urban,216.17
4113.0,2.0,4,22,Suburban,216.28
2271.0,6.0,2,26,Urban,187.36
4226.0,4.0,2,47,Suburban,212.51
1930.0,4.0,1,36,Rural,68.48
4929.0,3.0,5,21,Urban,322.28
2770.0,1.0,1,22,Suburban,119.08
3812.0,6.0,4,35,Downtown,322.01
4437.0,5.0,5,17,Urban,267.42
4066.0,6.0,1,8,Urban,250.23
4330.0,6.0,3,23,Downtown,356.94
2914.0,2.0,3,3,Suburban,147.59
695.0,2.0,2,8,Suburban,52.07
2718.0,2.0,4,21,Suburban,132.44
1316.0,6.0,3,40,Suburban,96.47
4501.0,4.0,3,39,Suburban,232.45
1565.0,3.0,3,13,Urban,117.03
1526.0,6.0,5,21,Downtown,195.18
1622.0,4.0,4,7,Downtown,169.12
3391.0,6.0,2,38,Suburban,194.68
3070.0,6.0,5,12,Rural,126.65
4769.0,1.0,5,40,Downtown,308.18
2373.0,3.0,5,42,Suburban,122.49
1770.0,5.0,4,35,Suburban,123.63
721.0,5.0,2,16,Suburban,60.6
531.0,1.0,4,48,Suburban,26.56
2181.0,2.0,2,34,Suburban,103.94
4666.0,4.0,2,32,Suburban,193.3
2856.0,5.0,3,43,Rural,101.79
4520.0,1.0,5,44,Downtown,284.0
957.0,4.0,3,3,Rural,46.19
919.0,2.0,2,44,Downtown,77.45
4250.0,2.0,3,39,Suburban,193.94
980.0,4.0,2,10,Downtown,111.11
733.0,3.0,4,15,Urban,80.49
2318.0,4.0,2,38,Downtown,190.31
4661.0,2.0,3,11,Urban,286.5
3602.0,5.0,2,23,Urban,256.05
946.0,1.0,2,35,Urban,49.86
4267.0,6.0,5,33,Urban,296.3
4296.0,1.0,2,46,Urban,228.72
4103.0,5.0,1,5,Suburban,171.76
4561.0,3.0,2,15,Rural,127.94
1579.0,3.0,3,50,Suburban,89.21
,1.0,1,29,Downtown,355.32
1943.0,5.0,2,12,Urban,132.44
4109.0,1.0,1,14,Rural,99.9
3107.0,4.0,3,17,Downtown,262.31
4007.0,5.0,4,28,Urban,312.33
3325.0,6.0,5,14,Rural,123.39
3391.0,5.0,2,31,Rural,126.99
3273.0,2.0,5,22,Urban,220.21
4005.0,5.0,2,31,Suburban,203.4
3825.0,5.0,4,7,Urban,233.97
1105.0,2.0,3,31,Suburban,63.49
4217.0,1.0,4,47,Downtown,290.91
2912.0,6.0,4,6,Downtown,308.77
1953.0,1.0,3,16,Suburban,85.49
2814.0,4.0,2,35,Urban,185.61
4851.0,2.0,3,31,Suburban,222.96
4359.0,1.0,5,34,Urban,255.78
4251.0,5.0,5,28,Rural,150.15
2582.0,1.0,5,34,Suburban,117.0
4028.0,5.0,1,31,Urban,238.91
2232.0,5.0,3,3,Suburban,154.89
3587.0,1.0,1,38,Urban,215.93
3378.0,2.0,4,22,Urban,197.54
1624.0,5.0,5,2,Urban,162.74
1699.0,4.0,1,20,Rural,56.63
775.0,1.0,4,22,Suburban,39.7
1128.0,6.0,5,4,Rural,73.51
2451.0,2.0,5,50,Rural,63.57
2650.0,1.0,2,11,Rural,87.81
1243.0,6.0,1,16,Urban,111.83
2376.0,1.0,5,22,Rural,75.61
3218.0,4.0,5,42,Suburban,168.68
1546.0,6.0,3,37,Urban,138.84
2022.0,4.0,5,39,Suburban,103.56
2153.0,4.0,1,12,Urban,162.49
2772.0,3.0,4,43,Urban,179.81
2148.0,1.0,1,42,Urban,98.74
3816.0,4.0,5,23,Downtown,317.83
1973.0,6.0,4,27,Urban,187.48
2452.0,1.0,5,1,Rural,98.57
2207.0,6.0,3,38,Suburban,134.84
1323.0,3.0,1,49,Suburban,52.44
3585.0,4.0,1,24,Urban,237.13
1559.0,1.0,2,27,Urban,99.77
,4.0,4,25,Urban,152.26
4067.0,2.0,1,4,Suburban,199.49
4769.0,2.0,5,31,Urban,302.8
,5.0,2,36,Suburban,170.75
,1.0,3,47,Suburban,182.24
4343.0,3.0,2,47,Suburban,154.5
2664.0,4.0,3,25,Rural,94.91
3966.0,1.0,3,48,Urban,225.58
1977.0,2.0,1,26,,62.83
2572.0,3.0,3,32,Suburban,108.54
2909.0,4.0,4,30,Suburban,159.44
4822.0,6.0,5,50,Suburban,287.53
4318.0,6.0,2,37,Suburban,212.89
2701.0,2.0,5,6,Rural,93.61
3436.0,1.0,5,3,Urban,229.87
1410.0,1.0,5,20,Suburban,91.47
,4.0,2,26,Suburban,174.89
2988.0,1.0,5,34,Urban,186.73
2897.0,2.0,3,24,Rural,83.31
3948.0,,1,26,Urban,247.11
3348.0,6.0,2,47,Suburban,166.07
826.0,6.0,4,17,Downtown,149.35
1796.0,2.0,1,25,Urban,129.07
1295.0,4.0,3,28,Suburban,82.66
3807.0,4.0,4,23,Urban,243.81
658.0,2.0,1,49,Urban,42.64
1410.0,4.0,3,49,Urban,97.49
3188.0,4.0,2,26,Urban,195.79
3626.0,3.0,3,22,Suburban,142.43
2764.0,5.0,2,30,Rural,108.25
4373.0,5.0,5,9,Downtown,417.57
4635.0,4.0,1,21,Suburban,266.62
1094.0,5.0,5,11,Urban,103.31
4786.0,5.0,4,7,Suburban,278.31
3264.0,4.0,5,4,Urban,238.53
3362.0,2.0,5,29,Urban,231.63
927.0,5.0,1,0,Urban,80.78
3298.0,5.0,5,32,Suburban,200.69
3765.0,6.0,3,22,Suburban,212.51
3113.0,1.0,5,18,Urban,196.92
880.0,3.0,5,39,Suburban,62.72
2854.0,6.0,3,27,Suburban,144.93
4711.0,4.0,2,37,Urban,270.99
3755.0,6.0,1,36,Suburban,175.81
1118.0,1.0,1,1,Rural,30.52
4819.0,1.0,2,10,Urban,307.02
4814.0,5.0,5,29,Suburban,268.32
1262.0,3.0,3,49,Urban,79.55
4103.0,4.0,3,7,Suburban,211.73
2330.0,3.0,2,5,Urban,157.39
,3.0,3,47,Suburban,149.82
2503.0,6.0,4,49,Urban,172.31
4021.0,1.0,5,8,Suburban,173.22
4984.0,5.0,4,20,Rural,181.64
4078.0,6.0,4,31,Urban,278.9
4691.0,4.0,5,9,Rural,188.97
4757.0,3.0,3,16,Rural,149.24
905.0,1.0,5,20,Rural,33.16
1640.0,5.0,2,32,Urban,141.55
3748.0,3.0,1,15,Suburban,184.57
3155.0,1.0,3,21,Downtown,253.42
725.0,3.0,1,14,Urban,70.14
927.0,6.0,1,38,Rural,40.41
2842.0,2.0,5,7,Suburban,144.98
3272.0,2.0,4,11,Suburban,157.12
1254.0,5.0,2,12,Urban,99.34
1270.0,2.0,5,46,Suburban,65.02
1082.0,6.0,1,48,Suburban,76.82
3042.0,6.0,2,25,Urban,221.08
535.0,6.0,4,7,Rural,40.59
3075.0,6.0,2,38,Urban,178.64
2641.0,2.0,4,25,Urban,199.58
2596.0,2.0,5,43,Suburban,122.44
3556.0,3.0,1,18,Rural,102.55
2851.0,3.0,1,50,Urban,159.95
3774.0,6.0,5,41,Urban,224.71
3937.0,5.0,3,11,Downtown,384.95
4640.0,4.0,3,37,Rural,138.57
4096.0,6.0,3,14,Urban,324.03
2829.0,4.0,3,17,Suburban,148.26
2714.0,3.0,4,12,Rural,108.25
1560.0,3.0,3,34,Downtown,140.31
3198.0,4.0,1,13,Suburban,170.65
1126.0,1.0,4,32,Suburban,60.21
4690.0,5.0,4,29,Suburban,245.33
4302.0,4.0,1,38,Urban,268.5
1038.0,5.0,2,50,Urban,81.78
4036.0,4.0,4,0,Urban,330.31
1026.0,5.0,4,50,Suburban,63.19
3745.0,6.0,1,5,Suburban,195.17
894.0,4.0,1,26,Downtown,93.12
2696.0,3.0,3,17,Urban,188.51
3460.0,1.0,3,32,Rural,96.09
3779.0,5.0,5,36,Downtown,333.09
2383.0,6.0,3,43,Urban,172.25
4647.0,5.0,5,20,Suburban,198.64
3984.0,6.0,2,47,Urban,258.39
1437.0,6.0,3,16,Urban,120.31
3520.0,5.0,1,10,Urban,195.99
3787.0,4.0,3,19,Urban,252.76
2001.0,1.0,1,26,Suburban,88.39
3822.0,1.0,3,34,Suburban,173.78
4542.0,2.0,2,42,Suburban,205.89
4177.0,3.0,1,11,,259.6
3931.0,5.0,1,15,Suburban,166.99
3355.0,3.0,3,47,Urban,243.92
1717.0,1.0,5,22,Suburban,78.96
4078.0,2.0,1,12,Urban,258.28
2138.0,6.0,3,50,Suburban,110.45
2894.0,6.0,2,22,Urban,210.77
1914.0,3.0,5,50,Urban,122.88
1908.0,5.0,3,46,Urban,146.98
1209.0,5.0,5,46,Downtown,138.9
4825.0,6.0,2,29,Urban,299.81
1165.0,6.0,1,40,Suburban,66.35
888.0,4.0,3,48,Suburban,56.28
4712.0,3.0,4,13,Downtown,330.44
2997.0,4.0,5,1,Rural,116.45
2470.0,2.0,5,16,Suburban,161.59
3818.0,3.0,5,32,Rural,139.86
2224.0,4.0,4,27,Suburban,130.86
1075.0,4.0,2,4,Suburban,74.27
3783.0,4.0,3,28,Suburban,148.01
1291.0,3.0,1,8,Suburban,63.3
2988.0,3.0,3,25,Rural,109.29
4770.0,1.0,2,29,Downtown,311.77
4712.0,4.0,1,32,Urban,265.36
2123.0,4.0,2,21,Downtown,184.9
4011.0,6.0,3,20,Rural,123.98
3257.0,4.0,2,34,Urban,182.2
2657.0,3.0,5,38,Suburban,133.24
,1.0,3,41,Suburban,45.05
2193.0,2.0,5,17,Rural,71.59
3433.0,3.0,4,21,Urban,207.76
4939.0,3.0,1,16,Suburban,234.94
522.0,3.0,2,26,Rural,24.59
3729.0,3.0,4,6,Downtown,305.87
4308.0,5.0,3,21,Suburban,226.96
4780.0,1.0,2,9,Urban,276.97
2407.0,2.0,3,27,Suburban,111.0
1033.0,1.0,5,43,Suburban,54.35
1719.0,2.0,2,50,Urban,104.4
4327.0,5.0,1,22,Downtown,340.61
4450.0,1.0,2,2,Downtown,334.98
3366.0,3.0,5,11,Downtown,266.42
1052.0,1.0,4,5,Suburban,57.38
1048.0,6.0,5,38,Urban,121.1
2651.0,5.0,5,50,Urban,196.84
3147.0,2.0,1,28,Suburban,143.96
645.0,2.0,2,9,Suburban,44.26
3587.0,1.0,1,1,Suburban,160.63
2950.0,3.0,1,49,Rural,91.18
555.0,5.0,5,16,Urban,95.57
930.0,4.0,5,5,Suburban,86.48
2544.0,6.0,1,9,Downtown,236.27
3751.0,3.0,4,13,Suburban,210.96
4214.0,2.0,3,33,Rural,128.13
2440.0,3.0,1,45,Suburban,114.7
1829.0,2.0,5,14,Suburban,104.65
4857.0,6.0,5,35,Suburban,251.46
2563.0,2.0,3,3,,159.8
1919.0,3.0,4,0,Suburban,120.92
2490.0,4.0,2,2,Suburban,173.49
554.0,1.0,4,47,Rural,17.16
1858.0,3.0,3,29,Urban,129.44
2819.0,3.0,5,41,Downtown,222.35
4632.0,2.0,1,1,Suburban,199.55
3822.0,1.0,1,1,Downtown,326.64
4015.0,1.0,5,43,Urban,220.3
2952.0,1.0,2,5,Urban,171.95
997.0,3.0,2,7,Suburban,54.31
2259.0,1.0,4,26,Urban,130.52
4986.0,6.0,1,30,Urban,263.35
698.0,2.0,3,11,Downtown,85.33
,4.0,2,22,Rural,179.56
3580.0,5.0,1,34,Suburban,165.42
1777.0,3.0,5,22,Downtown,142.66
4000.0,6.0,1,19,Downtown,364.71
4266.0,1.0,1,3,Suburban,174.05
694.0,2.0,4,23,Urban,71.21
978.0,2.0,5,40,,55.08
3495.0,1.0,1,31,Urban,181.41
4995.0,2.0,4,45,Rural,144.05
607.0,2.0,3,6,Urban,66.17
3495.0,5.0,5,0,Suburban,190.36
1114.0,2.0,1,27,Downtown,83.42
3425.0,6.0,5,9,Rural,127.16
3304.0,5.0,4,30,Rural,100.3
906.0,6.0,5,46,Suburban,78.49
3563.0,1.0,2,17,Urban,171.63
4536.0,6.0,5,28,Urban,298.69
4385.0,4.0,4,34,Suburban,226.3
630.0,6.0,1,7,Suburban,65.47
1606.0,3.0,5,45,Urban,123.2
1583.0,6.0,4,10,Urban,150.07
2539.0,4.0,2,41,Urban,183.3
1143.0,1.0,3,33,Suburban,57.82
4344.0,3.0,2,7,Suburban,214.28
3995.0,1.0,3,36,Suburban,187.55
4137.0,6.0,5,10,Suburban,240.98
1391.0,2.0,5,30,Urban,98.95
565.0,2.0,2,48,Urban,29.6
4597.0,4.0,5,48,Downtown,378.25
1800.0,3.0,3,44,,93.4
3453.0,1.0,4,25,Urban,231.31
4592.0,5.0,4,28,Urban,274.55
662.0,6.0,3,15,Urban,83.91
524.0,5.0,3,46,Urban,64.5
524.0,4.0,3,24,Suburban,47.83
1203.0,3.0,5,39,Urban,78.42
732.0,4.0,2,18,Downtown,95.91
4189.0,4.0,2,37,Suburban,157.91
3226.0,1.0,2,11,Urban,174.73
4910.0,1.0,1,37,Urban,306.5
4106.0,2.0,2,2,Urban,301.03
4834.0,3.0,1,5,Suburban,195.74
1573.0,1.0,1,17,Urban,89.67
1795.0,1.0,4,24,Suburban,87.52
4322.0,6.0,1,36,Rural,163.5
1601.0,3.0,3,18,Suburban,85.15
757.0,4.0,4,0,Urban,89.13
3511.0,4.0,4,16,Suburban,207.99
4104.0,5.0,3,22,Urban,263.41
4856.0,5.0,1,27,Urban,325.71
4675.0,2.0,5,32,Suburban,183.1
1041.0,6.0,5,12,Urban,122.4
3974.0,3.0,4,31,Downtown,261.54
4307.0,6.0,1,32,Urban,249.22
3641.0,3.0,1,39,Downtown,289.92
4189.0,1.0,2,26,Urban,238.51
4270.0,5.0,1,41,Suburban,191.86
2509.0,1.0,5,11,Rural,77.35
680.0,5.0,2,36,Downtown,86.06
2552.0,1.0,2,2,Suburban,123.27
1408.0,2.0,5,5,Urban,127.89
1011.0,4.0,5,44,Downtown,84.35
1062.0,6.0,2,24,Urban,96.77
3638.0,3.0,2,31,Downtown,282.48
2770.0,1.0,3,30,Urban,161.51
2929.0,2.0,4,35,Urban,189.78
3853.0,6.0,5,12,Urban,289.55
2967.0,5.0,5,9,Suburban,164.21
3335.0,1.0,5,2,Downtown,257.91
887.0,3.0,1,44,Urban,55.94
4330.0,2.0,2,11,Downtown,366.24
2519.0,2.0,3,29,Suburban,109.51
1198.0,6.0,1,23,Urban,108.16
4159.0,4.0,2,8,Suburban,206.72
3805.0,2.0,1,21,Urban,258.72
738.0,4.0,5,4,Downtown,115.68
1368.0,3.0,1,9,Rural,55.39
570.0,1.0,1,7,Downtown,58.07
1718.0,3.0,1,42,Downtown,130.22
949.0,2.0,1,28,Downtown,74.04
3694.0,2.0,3,47,Rural,103.82
2851.0,6.0,2,22,Suburban,151.06
4910.0,5.0,5,10,Suburban,272.03
3872.0,1.0,2,31,Rural,112.31
3251.0,6.0,3,47,Downtown,283.9
,4.0,4,27,Rural,86.32
745.0,6.0,4,0,Urban,98.38
815.0,5.0,4,15,Suburban,88.93
3273.0,3.0,2,47,Urban,190.87
519.0,4.0,3,26,Urban,58.1
690.0,4.0,5,48,Rural,40.92
1486.0,5.0,5,25,Downtown,173.78
4478.0,2.0,4,0,Rural,151.25
2565.0,2.0,4,44,Urban,155.54
3693.0,2.0,5,38,Suburban,165.96
2352.0,2.0,4,36,Rural,73.55
1279.0,1.0,5,49,Downtown,86.28
2170.0,1.0,1,10,Rural,64.19
912.0,6.0,2,46,Suburban,66.87
3966.0,1.0,1,11,Suburban,204.08
1325.0,6.0,1,49,Downtown,130.46
2193.0,1.0,3,9,Suburban,81.0
4910.0,5.0,2,28,Suburban,231.15
3163.0,2.0,3,40,Urban,239.92
2563.0,4.0,3,3,Urban,204.82
2943.0,2.0,4,3,Urban,182.47
4028.0,3.0,5,43,Rural,133.94
1645.0,3.0,5,3,Downtown,160.49
3363.0,4.0,2,31,Suburban,139.45
4427.0,3.0,2,47,Rural,124.97
3075.0,4.0,4,31,Downtown,263.04
2509.0,5.0,1,24,Urban,141.25
1153.0,3.0,3,21,Suburban,61.66
1617.0,3.0,3,32,Downtown,142.14
4757.0,1.0,1,29,Suburban,190.83
2935.0,3.0,4,25,Suburban,152.46
1856.0,1.0,2,7,Suburban,77.87
2382.0,2.0,1,33,Urban,148.23
,6.0,4,37,Suburban,147.52
2918.0,1.0,1,36,Suburban,138.78
3648.0,3.0,4,3,Urban,203.83
1658.0,6.0,1,35,Suburban,86.08
3421.0,6.0,3,37,Rural,123.04
2492.0,1.0,5,9,Suburban,146.3
4732.0,1.0,2,43,Urban,270.2
1210.0,3.0,4,26,Urban,104.02
1167.0,4.0,4,24,Downtown,131.52
2577.0,6.0,5,36,Urban,178.6
2787.0,2.0,1,26,Downtown,195.42
3608.0,1.0,4,27,Rural,95.04
2318.0,2.0,5,15,Urban,141.82
4611.0,6.0,4,47,Suburban,236.27
2633.0,1.0,1,49,Urban,121.37
1082.0,3.0,5,6,Urban,109.09
1036.0,1.0,1,37,Urban,46.15
4880.0,1.0,3,1,,303.95
1103.0,6.0,3,18,Suburban,82.41
4765.0,1.0,3,49,Rural,151.55
1751.0,2.0,3,8,Rural,64.33
920.0,6.0,1,19,Urban,106.96
1871.0,4.0,3,11,Suburban,101.15
3266.0,1.0,5,37,Downtown,247.8
2425.0,3.0,3,23,Rural,73.58
4035.0,6.0,2,30,Suburban,193.52
3249.0,3.0,5,48,Urban,201.48
2303.0,4.0,1,26,Urban,142.16
3355.0,4.0,3,37,Downtown,237.75
4871.0,4.0,3,4,Urban,272.41
2353.0,2.0,3,10,Rural,60.27
1190.0,6.0,5,48,Suburban,77.54
2339.0,6.0,3,43,Rural,91.79
4280.0,1.0,5,33,Downtown,268.68
1479.0,5.0,1,19,Suburban,76.72
4771.0,5.0,4,10,Urban,379.17
3147.0,5.0,3,43,,147.47
3207.0,3.0,2,40,Urban,200.22
1926.0,3.0,2,12,Urban,144.41
4642.0,6.0,4,30,Suburban,250.1
662.0,1.0,4,31,Urban,41.87
1844.0,5.0,4,24,Urban,147.46
2382.0,6.0,1,47,Suburban,102.86
2647.0,5.0,3,6,Downtown,310.77
2633.0,3.0,5,13,Rural,79.52
1165.0,4.0,1,4,Suburban,67.22
1515.0,1.0,3,35,Suburban,60.77
928.0,6.0,3,32,Suburban,63.14
3076.0,3.0,5,50,Suburban,167.1
2078.0,1.0,2,27,Suburban,112.74
3045.0,5.0,3,7,Rural,105.51
3153.0,4.0,4,22,Suburban,141.4
3659.0,4.0,1,4,Urban,186.15
2961.0,1.0,5,34,Downtown,221.33
3415.0,5.0,5,34,Suburban,173.52
3142.0,4.0,4,43,Downtown,241.33
3435.0,5.0,4,17,Urban,248.79
3274.0,5.0,4,15,Downtown,305.81
1922.0,2.0,4,3,Suburban,109.47
1608.0,2.0,5,21,Urban,116.18
4043.0,6.0,3,24,Suburban,185.06
2042.0,4.0,3,38,Suburban,114.0
2971.0,3.0,4,38,Suburban,143.68
1386.0,2.0,1,7,Urban,103.5
2441.0,4.0,5,14,Suburban,150.5
2883.0,5.0,4,26,Suburban,133.93
3317.0,1.0,4,17,Urban,175.42
2868.0,4.0,2,1,Suburban,139.86
2122.0,6.0,2,43,Urban,139.34
4827.0,2.0,3,37,Rural,152.16
2807.0,2.0,4,26,Downtown,232.79
